right_HandFingerOneKnuckleOneLink,
right_HandFingerOneKnuckleTwoLink,
right_HandFingerOneKnuckleThreeLink,
right_HandFingerThreeKnuckleThreeLink,
right_HandFingerThreeKnuckleTwoLink,
right_HandFingerTwoKnuckleOneLink,
right_HandFingerTwoKnuckleTwoLink,
right_HandFingerTwoKnuckleThreeLink,
right_HandPalmLink,
right_arm_1_link,
right_arm_2_link,
right_arm_3_link,
right_arm_4_link,
right_arm_5_link,
right_arm_6_link,
right_arm_7_link,
right_gripper_mount_link,
left_HandFingerOneKnuckleOneLink,
left_HandFingerOneKnuckleTwoLink,
left_HandFingerOneKnuckleThreeLink,
left_HandFingerThreeKnuckleThreeLink,
left_HandFingerThreeKnuckleTwoLink,
left_HandFingerTwoKnuckleOneLink,
left_HandFingerTwoKnuckleTwoLink,
left_HandFingerTwoKnuckleThreeLink,
left_HandPalmLink,
left_arm_1_link,
left_arm_2_link,
left_arm_3_link,
left_arm_4_link,
left_arm_5_link,
left_arm_6_link,
left_arm_7_link,
left_gripper_mount_link

